filename,cluster_id,group_id,is_blank,variant
h_img_132981.jpg,10,,,
h_img_149526.jpg,5,,,
h_img_31665.jpg,0,,,
h_img_34590.jpg,0,,,
h_img_35259.jpg,1,,,
h_img_44440.jpg,10,,,
h_img_593526.jpg,1,,,
h_img_76108.jpg,0,,,
h_img_93057.jpg,3,,,
img_106019.jpg,11,,,
img_10959.jpg,0,,,
img_110820.jpg,0,,,
img_115196.jpg,0,,,
img_120749.jpg,0,,,
img_130255.jpg,0,,,
img_142355.jpg,0,,,
img_153688.jpg,0,,,
img_172154.jpg,11,,,
img_175884.jpg,0,,,
img_180214.jpg,1,,,
img_187840.jpg,11,,,
img_221213.jpg,0,,,
img_232079.jpg,5,,,
img_239226.jpg,0,,,
img_246391.jpg,0,,,
img_246854.jpg,4,,,
img_2469.jpg,4,,,
img_257108.jpg,1,,,
img_259893.jpg,9,,,
img_260919.jpg,0,,,
img_261444.jpg,1,,,
img_26850.jpg,5,,,
img_270633.jpg,0,,,
img_275183.jpg,0,,,
img_277936.jpg,3,,,
img_284975.jpg,0,,,
img_289910.jpg,3,,,
img_307484.jpg,0,,,
img_314642.jpg,1,,,
img_316470.jpg,0,,,
img_325344.jpg,0,,,
img_32852.jpg,4,,,
img_337700.jpg,6,,,
img_339968.jpg,0,,,
img_341437.jpg,5,,,
img_346343.jpg,5,,,
img_354459.jpg,10,,,
img_357974.jpg,0,,,
img_364174.jpg,0,,,
img_364907.jpg,6,,,
img_366604.jpg,0,,,
img_369469.jpg,6,,,
img_37489.jpg,0,,,
img_381577.jpg,1,,,
img_385960.jpg,0,,,
img_386972.jpg,11,,,
img_393000.jpg,7,,,
img_399807.jpg,0,,,
img_40145.jpg,0,,,
img_403289.jpg,2,,,
img_411083.jpg,0,,,
img_413996.jpg,0,,,
img_417511.jpg,10,,,
img_429922.jpg,0,,,
img_433250.jpg,2,,,
img_442389.jpg,0,,,
img_445986.jpg,0,,,
img_447852.jpg,10,,,
img_450212.jpg,0,,,
img_458235.jpg,2,,,
img_475101.jpg,3,,,
img_475851.jpg,1,,,
img_477984.jpg,0,,,
img_478598.jpg,0,,,
img_48234.jpg,0,,,
img_48825.jpg,0,,,
img_489839.jpg,1,,,
img_519993.jpg,11,,,
img_524137.jpg,0,,,
img_526657.jpg,8,,,
img_529952.jpg,9,,,
img_540343.jpg,6,,,
img_541390.jpg,5,,,
img_5447.jpg,0,,,
img_54863.jpg,12,,,
img_556574.jpg,0,,,
img_55880.jpg,1,,,
img_565213.jpg,0,,,
img_568910.jpg,0,,,
img_578081.jpg,12,,,
img_578936.jpg,3,,,
img_57969.jpg,7,,,
img_583723.jpg,1,,,
img_586052.jpg,11,,,
img_586537.jpg,1,,,
img_590289.jpg,11,,,
img_591020.jpg,0,,,
img_602896.jpg,11,,,
img_614731.jpg,5,,,
img_61951.jpg,6,,,
img_632748.jpg,2,,,
img_635336.jpg,0,,,
img_635738.jpg,5,,,
img_635895.jpg,5,,,
img_636938.jpg,0,,,
img_638094.jpg,6,,,
img_642784.jpg,6,,,
img_643949.jpg,9,,,
img_648754.jpg,0,,,
img_649782.jpg,1,,,
img_65263.jpg,10,,,
img_667809.jpg,0,,,
img_669675.jpg,5,,,
img_67123.jpg,0,,,
img_677180.jpg,11,,,
img_678178.jpg,0,,,
img_678193.jpg,10,,,
img_68235.jpg,5,,,
img_688109.jpg,12,,,
img_694883.jpg,1,,,
img_710186.jpg,11,,,
img_7150.jpg,0,,,
img_718326.jpg,0,,,
img_726717.jpg,1,,,
img_738703.jpg,5,,,
img_741740.jpg,0,,,
img_744464.jpg,0,,,
img_746861.jpg,12,,,
img_748887.jpg,0,,,
img_764354.jpg,0,,,
img_770334.jpg,9,,,
img_776505.jpg,1,,,
img_789127.jpg,1,,,
img_801823.jpg,9,,,
img_804542.jpg,0,,,
img_808059.jpg,2,,,
img_82256.jpg,10,,,
img_822729.jpg,1,,,
img_828414.jpg,6,,,
img_834923.jpg,5,,,
img_845893.jpg,1,,,
img_85121.jpg,6,,,
img_86754.jpg,0,,,
img_874118.jpg,0,,,
img_881252.jpg,0,,,
img_884336.jpg,10,,,
img_889324.jpg,0,,,
img_892336.jpg,6,,,
img_895368.jpg,0,,,
img_897203.jpg,0,,,
img_90832.jpg,1,,,
img_915919.jpg,0,,,
img_917853.jpg,0,,,
img_927463.jpg,0,,,
img_927947.jpg,0,,,
img_94825.jpg,0,,,
img_955789.jpg,0,,,
img_960789.jpg,10,,,
img_961476.jpg,0,,,
img_966256.jpg,12,,,
img_978752.jpg,0,,,
img_981759.jpg,0,,,
img_982056.jpg,0,,,
img_987571.jpg,0,,,
img_987632.jpg,0,,,
